Geography,Gender,Age,Balance,NumOfProducts,HasCrCard,IsActiveMember,Exited
2,1,35,131101.04,1,1,1,0
0,1,40,102967.41,1,1,0,1
1,1,42,95386.82,1,1,1,0
0,0,32,112079.58,1,0,0,0
2,0,38,163034.82,2,1,1,0
1,1,57,175575.95,2,1,0,1
1,0,34,65812.35,2,0,1,0
1,1,29,157576.47,2,1,1,0
0,1,64,0.0,1,0,1,1
0,1,63,165350.61,2,0,0,1
0,1,31,0.0,2,1,0,0
1,0,45,150900.29,2,0,1,0
2,1,33,140002.35,1,1,0,0
2,1,31,117153.0,1,1,1,0
2,1,51,143930.92,1,0,1,1
2,0,55,154393.43,1,1,1,1
0,1,43,0.0,2,1,0,0
1,0,66,115654.47,2,1,1,0
0,1,30,107879.04,1,0,1,0
0,1,45,0.0,2,1,1,0
2,0,42,115930.87,1,1,0,0
0,0,35,0.0,2,1,1,0
1,1,34,0.0,2,1,0,0
0,0,34,144318.97,1,1,0,0
0,0,35,0.0,2,1,1,0
1,0,46,183276.32,1,1,1,0
1,1,29,166930.76,2,1,0,0
2,1,30,77168.87,2,0,1,0
0,1,29,0.0,1,1,0,0
0,1,44,123322.15,1,1,0,0
0,1,34,0.0,2,1,1,0
0,1,41,0.0,1,0,0,1
0,0,29,0.0,1,1,1,0
1,0,64,0.0,2,0,1,0
0,1,36,0.0,1,1,0,0
2,0,24,120135.55,2,1,1,0
0,0,38,0.0,2,0,0,0
0,1,27,0.0,2,0,0,0
1,0,36,0.0,2,1,0,0
0,1,35,108306.44,1,1,1,0
0,1,34,152992.91,1,1,1,0
1,0,41,0.0,1,1,0,1
1,1,55,155828.22,1,0,1,1
2,0,24,143221.35,2,1,0,0
2,0,42,100047.33,1,1,0,0
0,0,29,107000.49,1,1,1,0
1,1,41,112119.48,1,1,0,0
0,1,29,95947.76,1,1,0,0
0,1,50,94164.0,1,1,1,0
0,0,27,0.0,2,0,1,0
0,1,55,0.0,3,0,0,1
1,1,22,105229.34,1,1,1,0
0,1,35,90413.12,1,1,1,0
0,0,60,88541.57,2,1,1,0
0,1,72,121215.9,2,1,1,0
1,1,33,103121.33,2,1,1,0
2,0,41,164046.1,1,1,0,0
1,1,39,0.0,1,1,1,0
0,1,45,92786.66,1,1,0,1
0,1,40,0.0,1,1,0,1
2,0,42,77992.97,2,1,1,0
1,0,45,102486.21,2,1,1,0
1,0,38,0.0,2,0,1,0
0,0,38,141074.59,1,1,0,1
0,1,47,167664.83,1,0,0,1
0,1,54,0.0,1,1,0,1
0,0,44,0.0,2,1,0,0
0,1,41,144260.5,1,1,0,0
2,0,24,120596.93,1,0,1,0
2,0,56,110993.79,1,1,0,1
1,1,65,102541.1,1,1,0,0
1,0,35,0.0,2,1,0,0
0,0,29,0.0,2,1,1,0
2,1,63,81245.79,1,1,0,1
1,1,41,0.0,1,1,0,1
2,0,25,121702.73,1,1,1,0
0,0,54,89299.81,1,0,0,1
0,0,32,0.0,2,1,1,0
0,1,27,62339.81,2,0,0,0
0,1,39,75339.64,1,1,1,0
2,1,57,162448.69,1,0,0,1
0,1,57,114023.64,2,1,1,1
2,0,23,186101.18,2,1,1,0
1,0,41,127523.75,1,0,1,0
0,1,70,110738.89,1,1,0,1
1,1,67,0.0,2,1,1,0
0,0,32,118829.03,2,1,1,0
0,1,37,0.0,2,1,1,0
2,1,39,100717.85,3,1,1,1
0,0,38,0.0,2,1,0,0
2,1,40,133245.52,2,1,1,0
1,1,44,125512.98,2,0,0,0
2,0,39,142406.43,2,1,0,0
2,1,38,130878.75,3,1,0,1
0,0,33,0.0,2,1,1,0
2,0,65,131935.51,1,1,1,1
0,1,31,0.0,2,1,0,0
0,1,28,0.0,1,1,0,0
1,1,40,154251.67,1,0,1,0
2,1,28,91938.31,1,1,0,0
0,0,22,0.0,2,1,0,0
2,0,35,104356.38,1,1,0,0
0,0,39,0.0,2,1,0,0
0,1,33,137811.75,1,1,1,0
1,0,47,86006.21,1,1,1,0
0,1,35,178032.53,1,0,1,0
2,0,28,76656.4,2,1,1,0
0,0,38,65942.26,1,1,1,1
0,0,45,148071.39,1,1,0,0
0,1,31,186796.37,1,0,0,0
0,0,38,0.0,1,1,0,0
0,1,52,170228.59,2,0,0,1
1,0,46,131764.96,1,1,1,1
1,0,68,114386.85,1,1,1,0
2,1,50,109062.28,1,1,1,1
0,1,28,0.0,2,1,0,0
2,1,24,103099.17,2,1,0,0
2,0,76,96166.88,1,1,1,0
1,0,61,125921.37,1,1,1,0
0,0,22,0.0,2,1,0,0
2,0,40,134760.21,2,0,0,1
1,0,46,0.0,2,1,0,0
2,0,44,108895.93,1,0,0,1
0,1,27,133801.49,1,1,1,0
1,0,35,0.0,2,0,0,0
2,1,47,152522.47,1,0,1,1
2,1,36,68806.84,1,1,0,0
0,1,41,150300.65,2,1,0,0
1,1,41,0.0,1,0,0,0
2,1,38,132591.36,1,1,1,1
0,0,38,105069.98,2,1,1,0
1,0,74,0.0,2,0,0,0
0,1,41,99786.2,1,1,0,0
0,0,32,0.0,2,1,0,0
2,0,39,124216.93,1,0,1,0
0,0,33,0.0,1,1,0,0
0,1,29,0.0,1,0,1,0
0,0,41,73700.12,3,1,1,1
0,0,31,0.0,2,1,1,0
1,1,33,0.0,2,1,1,0
0,0,33,118327.17,2,1,1,0
1,0,28,120047.77,1,1,1,0
0,1,49,0.0,1,0,1,1
2,1,33,187257.94,1,0,1,0
1,0,40,155455.43,1,0,1,0
2,1,39,130565.02,1,1,0,1
1,0,27,149400.27,1,0,0,0
1,1,50,0.0,4,1,1,1
0,0,50,148942.0,1,1,1,0
0,0,54,0.0,1,1,0,1
0,0,56,131317.48,1,1,1,0
0,1,34,68999.66,2,1,1,0
0,1,30,0.0,2,1,1,0
1,1,33,124832.51,1,1,0,0
2,1,59,101609.77,1,0,0,1
2,1,44,146498.76,1,1,0,1
1,1,39,140094.59,1,1,0,1
0,0,51,123401.43,2,1,1,0
1,1,41,109013.23,1,1,0,0
2,1,32,123403.85,2,1,0,0
0,1,34,88772.87,1,1,1,0
0,0,92,126076.24,2,1,1,0
1,1,31,0.0,2,0,0,0
2,1,38,158373.23,1,1,1,0
1,0,31,0.0,2,1,1,0
0,1,31,125169.26,1,1,1,0
2,0,40,114446.84,2,1,1,0
1,0,41,126773.43,1,1,1,0
0,1,50,117565.03,2,0,0,0
1,0,35,0.0,2,0,1,0
0,0,30,90963.49,1,0,1,0
2,1,35,82453.96,2,0,0,0
2,1,30,91057.37,2,1,0,0
0,0,42,0.0,1,1,0,1
0,1,54,138547.97,1,1,1,1
1,1,34,0.0,2,1,0,0
2,1,34,108410.87,2,1,0,0
0,0,29,130306.49,1,1,0,0
1,0,33,0.0,2,0,1,0
1,0,21,0.0,2,0,0,0
0,0,34,101116.06,1,1,0,0
0,0,40,0.0,2,1,0,0
0,0,60,152335.7,1,1,0,1
2,0,30,127760.07,1,1,0,1
0,1,30,70729.17,1,1,1,0
2,0,58,72309.3,1,1,1,1
1,0,39,0.0,2,1,0,0
2,1,34,102143.93,2,1,1,0
2,0,32,96106.83,1,1,1,0
0,0,34,0.0,2,1,1,0
2,0,50,122227.71,1,0,1,1
1,0,41,0.0,2,1,0,0
0,0,27,0.0,2,1,1,0
2,1,37,146748.07,1,0,1,0
1,0,47,99835.17,1,0,1,0
1,1,26,101440.36,2,1,1,0
1,1,37,108269.37,1,1,0,0
2,0,43,165048.5,3,1,0,1
2,1,35,90194.34,2,1,0,0
0,1,43,0.0,2,0,1,0
1,0,42,0.0,2,1,0,0
1,1,35,119182.73,1,0,0,0
2,0,51,123783.25,1,1,1,0
2,1,43,134985.66,1,1,0,0
0,0,33,152302.72,1,1,0,0
0,0,34,0.0,1,1,1,0
1,0,42,0.0,2,1,1,0
0,1,44,0.0,1,1,0,0
1,0,59,0.0,2,1,1,0
1,0,38,118866.36,1,1,1,0
0,1,38,0.0,2,1,1,0
1,1,33,84557.82,1,1,1,0
2,0,47,105245.21,1,0,0,1
0,1,60,131778.08,1,0,0,1
1,0,43,113567.94,1,1,0,0
2,0,39,120252.02,2,1,1,0
1,0,32,0.0,2,1,0,0
2,0,38,73023.17,2,1,0,0
0,0,37,69143.91,2,0,1,0
2,0,24,102773.2,2,1,0,1
0,0,41,0.0,1,0,0,0
0,0,37,0.0,1,1,0,0
0,1,29,132144.35,1,1,0,0
2,1,42,65046.08,2,0,1,0
0,0,35,106250.72,1,0,0,0
0,1,36,146053.66,1,1,1,0
0,0,41,0.0,2,1,1,0
0,1,78,121206.96,1,1,1,0
0,1,34,0.0,2,1,0,0
2,0,44,151739.65,1,1,0,0
0,0,39,135096.77,1,1,1,1
0,0,39,109724.38,1,1,1,0
1,1,34,0.0,2,1,0,0
0,1,24,0.0,2,0,1,0
0,0,37,0.0,2,1,1,0
0,0,35,133087.76,1,1,0,0
1,0,34,168094.01,1,0,0,0
0,1,41,0.0,1,1,0,0
0,0,52,0.0,1,1,1,0
2,1,34,149297.19,2,1,1,0
2,0,29,130575.26,1,0,1,0
2,1,34,148200.72,1,0,0,0
0,1,34,142151.75,2,1,1,0
0,1,39,154121.32,2,1,0,1
1,0,37,0.0,2,0,0,0
0,0,39,0.0,2,1,0,0
1,1,37,0.0,2,1,1,0
2,0,42,119839.69,1,0,1,1
0,0,34,113014.7,2,1,1,0
2,0,34,95039.73,2,1,1,0
0,0,29,0.0,2,0,0,0
2,0,46,127655.22,1,1,0,1
1,0,73,137761.55,1,1,1,0
2,0,48,126066.26,1,1,0,1
1,0,32,99883.16,1,1,1,0
2,0,33,131023.76,2,0,0,0
0,0,20,0.0,2,1,0,0
0,0,39,102025.08,2,1,0,0
2,0,28,69459.05,2,1,1,0
0,0,40,0.0,2,1,0,0
0,1,40,141267.67,1,0,1,0
2,1,40,147171.2,1,0,1,0
1,1,42,103210.27,1,1,0,0
0,0,45,149364.58,1,0,1,0
2,0,35,109342.82,2,0,1,0
0,1,40,0.0,2,1,1,0
1,1,28,168253.21,1,1,1,0
0,1,41,56214.85,2,0,0,1
0,1,34,0.0,2,1,1,0
0,0,36,0.0,2,1,1,0
2,1,38,114753.76,1,1,0,0
0,0,28,0.0,2,1,0,0
2,0,38,103391.38,1,0,1,0
2,1,49,91502.99,1,1,0,1
0,0,40,0.0,2,1,0,1
0,1,39,120145.96,2,0,1,1
0,0,34,0.0,2,0,1,0
1,0,35,152390.26,1,1,0,0
2,0,39,113193.51,2,1,1,0
2,0,41,104405.54,3,1,0,0
0,0,60,0.0,2,1,1,0
1,0,38,127117.8,2,1,1,0
2,0,57,101868.51,1,0,1,0
2,0,32,133060.63,1,1,1,0
1,0,28,138668.18,1,1,1,0
0,0,35,143744.77,2,1,0,0
1,1,42,0.0,2,1,0,0
2,1,26,113674.2,1,1,0,1
0,0,36,111168.97,1,1,1,0
1,1,33,161801.47,1,0,1,1
0,1,22,0.0,2,1,1,0
0,1,43,0.0,2,1,1,0
0,1,42,0.0,2,0,1,0
0,1,64,0.0,1,1,1,0
1,0,31,118899.45,2,0,0,0
0,0,34,134692.4,2,1,1,0
0,0,29,147737.63,1,0,1,0
0,0,60,0.0,2,1,1,0
0,1,33,113452.66,1,0,0,0
2,1,56,74129.18,2,1,1,1
0,0,38,115221.36,1,0,1,0
0,1,46,52016.08,2,1,1,0
0,1,43,139972.18,1,1,0,0
2,1,59,111396.97,1,0,1,0
0,0,32,0.0,2,0,0,0
0,0,49,106160.37,1,0,0,0
0,0,44,0.0,2,1,0,0
0,0,33,0.0,2,0,1,0
2,0,59,110939.3,1,1,0,1
0,0,41,0.0,2,1,0,0
0,0,50,0.0,2,0,1,0
2,0,39,60263.23,1,1,0,0
2,1,33,116765.7,1,0,0,1
0,1,30,0.0,2,0,0,0
0,1,34,0.0,2,1,1,0
0,1,47,123365.34,2,0,0,0
1,0,40,0.0,2,1,0,0
2,0,23,122478.51,1,1,0,1
1,1,51,154962.99,3,0,1,1
1,1,36,99240.51,1,1,0,0
1,1,52,0.0,1,1,0,1
0,0,31,0.0,2,1,0,0
0,0,27,0.0,2,1,0,0
2,1,43,116322.27,4,1,0,1
2,1,33,123246.7,1,0,0,0
0,1,38,0.0,2,0,0,0
0,0,72,0.0,2,0,1,0
2,1,37,117791.06,2,1,1,0
0,1,37,138497.84,1,0,1,0
0,0,40,94773.11,1,1,0,0
0,0,32,0.0,2,0,1,0
0,1,35,112668.7,1,0,1,0
0,1,39,157371.54,1,0,1,0
2,1,18,93816.7,2,1,0,0
1,0,39,0.0,2,0,1,0
1,0,49,0.0,2,0,1,0
2,0,35,101744.84,1,0,0,0
0,0,28,0.0,2,1,1,0
0,1,37,111723.08,1,1,1,0
0,0,38,0.0,2,1,0,0
1,0,43,116121.67,1,1,0,0
2,0,46,121063.8,3,1,0,1
2,0,32,40172.91,1,1,1,0
2,0,46,150836.92,1,0,0,1
0,0,28,120911.75,2,1,1,0
2,1,43,146547.78,1,0,1,1
0,1,38,74306.19,2,1,0,0
0,0,42,152603.45,1,1,0,1
0,0,38,0.0,2,0,0,0
2,1,32,146602.25,2,1,1,0
0,1,24,0.0,2,1,0,0
0,1,26,0.0,2,1,1,0
0,0,31,112494.99,1,1,1,0
1,0,38,250898.09,3,0,1,1
1,0,52,0.0,2,1,0,0
0,1,68,0.0,4,1,1,1
0,1,31,0.0,1,1,1,1
2,1,34,127758.09,1,1,0,0
0,0,42,151027.05,2,1,0,0
0,0,34,0.0,2,1,1,0
0,0,41,0.0,1,1,1,0
2,1,28,115265.14,1,0,0,0
2,0,27,190125.43,2,0,0,0
0,1,58,0.0,1,0,1,1
2,1,40,111524.49,1,1,1,1
2,1,55,115796.7,1,1,0,1
1,0,66,123935.35,1,1,1,0
2,0,43,103409.16,1,1,0,1
0,0,42,118546.71,1,0,1,0
0,0,38,72286.84,2,1,1,0
0,0,34,0.0,2,0,0,0
0,0,34,133936.04,2,1,0,0
1,0,53,0.0,1,1,1,0
0,1,31,164003.05,2,1,1,0
0,0,39,137817.52,1,0,0,0
0,0,23,140007.19,1,0,1,0
1,1,37,133292.45,1,1,0,0
2,1,48,152827.99,1,1,0,1
0,0,34,143292.95,1,1,0,0
1,0,32,0.0,2,0,1,0
2,0,37,131753.41,1,1,0,0
0,0,30,0.0,2,1,0,0
1,1,37,0.0,1,0,0,0
0,0,49,0.0,2,1,0,0
0,1,26,157624.84,1,1,1,0
2,0,37,95829.13,2,0,1,0
2,1,53,98268.84,1,0,1,1
0,0,54,133436.52,1,1,0,0
2,1,48,168286.58,1,1,0,1
2,0,34,152797.9,1,1,0,1
0,1,33,0.0,1,1,0,0
1,0,44,83870.33,1,1,0,0
1,0,34,147422.44,1,0,1,0
0,0,27,134603.88,1,1,1,0
1,1,35,0.0,2,0,0,0
1,0,55,103176.62,1,0,1,0
2,0,44,140393.65,2,0,1,0
0,0,35,0.0,1,1,1,0
0,1,53,0.0,2,1,1,0
0,0,36,0.0,2,0,1,0
1,1,30,0.0,2,1,1,0
0,1,40,0.0,1,1,1,1
2,1,37,62974.64,2,0,1,0
1,1,31,0.0,2,1,1,0
0,0,37,0.0,2,1,1,0
0,1,56,123785.24,1,1,0,1
1,0,44,0.0,2,1,1,0
0,0,42,105420.18,1,0,1,0
1,1,38,48387.0,1,1,0,0
2,1,40,89175.06,2,0,1,0
0,1,34,0.0,2,1,0,0
0,1,45,0.0,2,1,1,0
1,0,30,0.0,1,0,1,0
0,1,39,127357.76,1,0,1,0
0,0,37,105961.68,2,0,1,0
0,0,44,0.0,2,1,0,0
2,0,42,145177.84,1,1,0,1
2,1,27,123599.49,2,1,0,0
0,1,43,0.0,1,1,0,0
2,1,55,131778.66,1,1,1,0
0,0,30,0.0,2,1,1,0
0,0,29,0.0,1,1,0,1
2,0,41,126145.54,2,1,1,0
0,1,61,117419.35,1,1,1,0
0,0,46,0.0,1,1,1,0
0,1,43,0.0,2,1,1,0
2,0,37,114453.58,1,0,1,0
1,1,29,0.0,2,0,0,0
0,0,34,0.0,2,1,0,0
2,1,32,92041.87,1,1,1,0
0,0,45,0.0,1,1,0,0
1,1,36,92716.96,1,1,1,0
2,0,51,126725.25,1,1,0,1
0,1,37,0.0,2,1,0,0
2,1,51,167273.71,1,0,0,1
1,0,36,135216.8,1,1,1,0
2,1,52,71283.09,2,0,1,0
1,1,36,0.0,2,0,1,0
0,1,30,0.0,2,1,1,0
1,0,25,0.0,2,1,1,0
0,1,39,120962.13,1,0,0,0
1,0,30,0.0,2,1,0,0
2,1,34,129398.01,2,0,0,0
0,0,24,0.0,2,0,1,0
1,0,32,142188.2,2,0,1,0
2,1,39,131513.26,1,1,1,0
0,1,29,116536.43,1,1,0,0
2,1,50,123936.54,1,1,1,0
0,0,33,0.0,2,1,0,0
0,0,26,129837.72,2,0,1,0
1,1,44,0.0,2,0,0,0
0,0,31,122647.32,1,0,0,0
0,1,52,56580.93,1,1,0,1
1,1,39,163097.55,2,1,1,0
2,1,41,57745.76,1,1,0,0
2,1,34,111388.18,2,1,0,0
0,1,29,87375.78,2,0,0,0
0,0,35,81951.74,2,1,0,0
0,1,30,0.0,2,0,1,0
0,0,40,0.0,1,0,0,0
0,0,26,0.0,2,1,0,0
0,1,36,0.0,2,0,1,0
0,1,37,0.0,1,1,1,0
1,0,42,0.0,2,1,0,0
0,0,32,0.0,2,1,0,0
2,0,53,114421.55,1,1,0,1
2,0,35,96814.46,2,1,1,0
1,1,46,12459.19,1,0,0,1
1,0,39,65521.2,1,1,1,0
1,0,38,96143.47,1,0,0,0
2,1,31,135020.21,2,1,1,0
0,1,41,145809.53,2,1,1,0
2,0,43,86920.86,1,1,1,0
2,1,44,123070.89,1,1,0,1
0,0,31,93249.4,1,1,0,0
0,0,67,0.0,2,1,1,0
2,0,39,111574.41,1,1,1,0
2,1,38,61482.47,1,1,1,0
0,1,34,132352.69,1,1,0,0
1,1,54,78126.28,1,1,1,1
2,1,29,96863.52,2,1,1,0
0,1,75,0.0,1,1,0,0
1,0,45,0.0,2,0,0,0
2,0,69,187013.13,2,0,1,0
1,0,35,102918.38,1,1,1,0
2,1,47,144090.42,1,1,0,1
1,0,43,123105.88,2,1,0,0
1,0,42,121490.05,1,1,1,0
0,0,46,95872.86,1,1,0,1
2,1,37,106453.53,2,0,1,0
0,0,52,0.0,1,1,0,1
0,1,46,0.0,1,1,0,1
0,0,42,104430.08,1,1,1,0
1,1,64,91216.0,1,1,1,0
0,0,38,0.0,2,0,0,0
1,0,47,107604.66,1,1,1,0
0,0,36,117559.05,2,1,1,0
0,1,41,156067.05,1,1,1,0
2,1,18,128743.8,1,0,0,0
0,0,30,0.0,2,0,0,0
2,1,42,133636.16,1,0,1,0
0,0,40,113348.14,1,1,0,1
0,1,46,0.0,1,1,0,0
0,0,38,0.0,3,1,0,0
2,1,45,106000.12,1,0,0,1
1,0,58,98308.51,1,1,1,0
1,1,25,108738.71,2,1,0,0
0,0,57,0.0,2,1,1,0
0,0,36,120165.4,2,1,0,0
0,1,40,82441.75,1,0,0,0
1,1,25,104833.79,1,0,0,0
0,1,37,0.0,2,1,1,0
1,1,37,0.0,2,1,1,0
0,0,63,148368.02,1,0,0,1
0,1,36,166909.2,2,1,0,1
0,1,29,138740.24,2,0,0,0
0,0,34,0.0,1,0,1,0
0,0,35,114212.6,1,1,1,0
0,1,51,70754.18,1,1,1,1
0,0,51,79563.36,2,1,1,0
0,0,42,146766.72,2,0,1,0
0,0,20,80569.73,1,0,0,0
0,1,41,0.0,2,1,1,0
0,0,28,0.0,2,1,1,0
0,0,33,94598.48,1,0,0,1
2,0,38,142316.14,1,1,1,0
2,0,77,27517.15,2,0,1,0
0,1,43,0.0,2,0,1,0
1,0,40,160625.17,1,0,1,0
0,0,37,108286.5,1,1,1,0
1,0,40,0.0,2,1,1,0
2,1,40,109308.79,2,1,0,1
0,0,51,123372.3,1,1,1,0
0,1,34,0.0,1,1,1,0
2,1,32,88335.05,1,0,0,0
2,0,34,185173.81,2,1,0,0
0,0,35,128993.76,2,1,0,0
2,0,33,96341.0,2,0,0,0
0,0,39,0.0,1,1,0,0
2,0,37,140894.06,2,1,1,0
0,1,60,121730.49,1,1,1,0
2,0,18,90544.0,1,0,1,0
0,0,32,86614.06,2,1,1,0
1,1,57,145965.33,1,1,1,0
1,1,30,0.0,2,1,0,0
0,1,30,0.0,2,1,0,0
0,1,51,0.0,2,0,1,1
0,0,42,0.0,1,1,1,0
0,0,36,119547.46,1,1,1,0
0,1,39,117103.26,2,1,1,1
1,0,42,132657.55,1,1,0,0
0,0,51,58137.08,1,0,1,0
1,1,34,0.0,1,1,0,1
2,0,35,121309.17,2,1,1,0
1,1,39,0.0,2,1,0,0
2,0,50,127552.85,2,1,0,0
1,1,34,70731.07,1,1,1,1
0,1,35,0.0,1,1,1,0
1,1,56,0.0,1,1,1,1
0,0,39,91068.56,1,1,0,0
2,0,49,121205.15,4,1,1,1
2,1,37,145219.3,1,1,0,0
1,0,44,0.0,2,0,0,0
0,1,68,183555.24,1,0,0,1
0,0,30,0.0,1,1,0,0
0,1,27,66201.96,1,1,1,0
1,0,31,145260.23,1,0,1,0
0,0,42,123311.39,2,1,1,0
1,0,35,74371.49,1,0,0,0
1,0,35,61172.04,1,0,0,0
0,1,32,0.0,1,1,1,0
0,0,44,0.0,2,0,1,0
0,1,33,0.0,2,0,1,0
1,1,45,174088.3,4,1,0,1
1,0,39,120193.42,1,0,0,0
0,0,45,0.0,2,1,1,0
2,1,70,71816.74,2,1,0,1
2,1,44,106022.73,2,0,0,0
2,0,50,94504.35,1,0,1,0
0,0,32,127785.17,4,0,0,1
0,1,54,120633.42,1,0,0,1
2,0,39,111336.89,1,1,0,1
0,0,36,61636.97,1,0,0,0
0,0,37,0.0,2,1,0,0
2,0,36,145071.24,1,0,0,0
2,1,37,92171.35,3,1,0,1
0,0,22,0.0,3,1,1,1
0,0,34,0.0,2,1,1,0
0,0,64,98848.19,1,0,1,0
2,0,22,111812.52,2,1,1,0
2,1,40,110086.69,1,1,0,0
0,1,45,68639.57,1,1,0,1
1,1,39,162390.52,2,1,0,0
0,0,32,0.0,2,0,0,0
1,1,30,0.0,2,1,0,0
0,1,32,127763.24,1,1,0,0
1,0,31,103430.11,2,0,1,0
1,1,29,0.0,2,1,0,0
2,1,51,115280.49,2,0,0,1
1,0,38,71460.67,2,1,1,0
1,1,32,0.0,2,1,0,0
0,1,28,0.0,1,1,1,0
2,0,39,132287.92,3,1,1,1
0,0,27,131691.33,1,1,0,0
2,0,33,132527.9,2,0,1,0
1,0,36,111629.29,1,1,1,0
1,1,34,0.0,2,1,0,0
2,0,74,106545.53,1,1,1,0
2,1,42,86351.85,2,1,0,0
1,0,49,0.0,3,1,1,1
0,0,38,136712.91,1,0,1,0
2,0,27,166527.88,2,0,1,0
0,0,29,0.0,2,1,0,0
2,0,45,131038.14,1,1,0,1
1,0,52,96196.24,4,1,0,1
1,1,45,0.0,1,1,0,1
0,1,55,98488.08,1,1,0,1
0,0,42,0.0,2,1,0,0
1,1,46,140355.6,1,1,1,0
0,0,22,99339.0,1,1,0,1
0,1,34,185734.75,1,1,1,0
0,1,34,0.0,2,1,1,0
2,1,43,140681.68,1,0,1,0
2,0,31,160997.54,2,0,1,0
0,1,41,33563.95,2,1,0,1
2,0,67,148363.38,1,1,1,0
0,0,46,95502.21,1,0,0,0
1,1,61,155931.11,1,1,1,0
0,1,31,117989.76,1,1,1,0
0,0,65,0.0,2,1,1,0
0,1,33,64900.32,2,1,0,0
2,1,71,113317.1,1,1,0,1
0,0,27,96654.72,2,0,0,0
0,1,36,0.0,1,1,0,1
1,0,53,0.0,1,1,1,0
0,0,53,102520.37,1,1,1,0
0,0,38,111835.94,2,1,0,0
0,1,41,0.0,1,1,0,0
0,0,38,0.0,2,1,0,0
2,1,46,135555.66,1,1,0,1
0,0,36,0.0,2,0,1,0
2,1,32,109196.67,2,1,0,0
2,0,32,144272.07,2,1,0,0
2,1,43,118588.83,1,1,1,1
1,1,47,127299.34,2,1,0,0
0,0,49,0.0,2,1,1,0
0,1,38,106871.81,2,1,0,0
1,1,26,0.0,2,1,1,0
2,1,33,76692.22,1,0,1,0
2,1,35,145623.36,1,1,0,0
2,0,44,137452.09,1,1,0,0
2,0,28,124023.18,1,1,0,0
2,1,37,35549.81,2,0,0,0
0,0,42,0.0,2,1,1,0
0,1,47,0.0,1,1,0,0
0,1,39,0.0,2,1,0,0
0,1,35,147900.43,1,1,0,0
2,1,30,161378.02,1,0,0,1
0,1,33,65667.79,2,0,0,0
2,1,33,115182.84,2,1,1,0
0,0,33,0.0,2,1,1,0
0,1,38,0.0,1,1,1,0
0,0,38,89416.99,1,0,0,0
0,1,37,0.0,2,1,1,0
0,1,46,0.0,1,1,1,1
2,1,46,111288.18,1,1,1,1
0,1,49,0.0,2,1,1,0
2,1,34,93244.42,1,0,1,0
0,1,45,0.0,2,1,0,0
0,0,39,140004.96,1,1,1,0
0,1,47,0.0,2,1,0,0
0,0,33,0.0,1,0,0,0
0,0,47,0.0,1,1,0,0
1,0,35,153137.74,1,1,0,0
1,0,45,157332.26,1,1,0,0
0,0,36,0.0,1,0,1,1
0,0,29,0.0,2,1,1,0
2,0,38,71667.97,2,0,0,0
2,1,27,135842.89,1,1,1,0
0,1,54,68332.96,1,1,1,0
1,0,20,0.0,1,1,0,0
2,1,62,118233.81,1,0,1,1
2,1,42,118889.66,2,0,0,0
2,0,47,106901.94,1,1,1,1
0,0,29,148874.01,2,0,1,0
2,1,55,119327.93,1,0,1,0
2,1,52,145262.54,1,0,1,0
2,0,32,108586.86,1,1,1,0
2,0,48,139714.4,2,0,0,0
0,1,49,0.0,1,1,1,0
0,1,35,166118.45,2,1,0,0
0,1,29,169988.35,1,1,0,0
2,0,43,135645.29,2,0,1,1
0,1,45,0.0,2,1,0,0
1,1,41,134177.06,1,0,0,0
0,0,44,118577.24,1,1,1,0
0,0,33,0.0,1,1,0,0
1,1,39,0.0,2,0,0,0
1,1,59,0.0,1,0,1,1
0,0,39,97700.02,1,1,1,0
0,1,64,124043.8,1,1,1,1
1,0,38,115378.94,1,0,1,0
0,1,45,104930.38,1,1,0,1
0,1,34,0.0,2,1,0,0
0,1,32,111871.93,1,0,0,0
2,0,40,90594.55,1,0,1,0
1,0,71,137260.78,1,0,1,1
0,1,34,132121.71,1,0,1,0
0,0,29,0.0,2,1,1,1
2,0,41,143350.41,1,1,1,1
0,0,26,0.0,2,1,1,0
0,0,37,120764.08,1,1,1,0
1,1,47,116393.59,1,1,0,1
1,0,34,104488.17,1,0,1,0
0,0,33,183768.47,1,1,0,0
0,1,36,141334.95,1,0,1,0
0,0,23,0.0,1,0,0,0
0,0,34,0.0,2,1,1,0
1,0,34,108653.93,1,0,1,0
2,0,37,79731.91,1,1,1,0
2,1,41,81877.38,1,1,1,0
2,0,34,162691.16,2,1,0,0
2,0,42,118199.97,2,1,0,1
0,1,39,0.0,2,0,1,0
2,1,30,136650.89,1,1,1,1
0,0,35,110837.73,1,0,0,0
1,0,37,0.0,2,1,0,0
0,0,34,122453.37,2,1,0,0
2,0,34,120875.23,2,0,1,0
1,0,39,118201.41,1,1,0,0
0,1,40,0.0,2,0,0,0
2,1,39,182491.57,1,1,0,0
2,1,60,138597.54,2,1,1,1
0,1,44,105770.7,3,1,0,1
2,1,23,85897.95,1,1,0,0
1,0,29,0.0,2,1,1,0
0,1,51,61354.14,1,1,0,1
1,0,44,83325.77,1,0,1,0
0,0,34,0.0,2,1,0,0
1,0,43,147167.25,1,0,0,0
2,0,44,111100.98,1,1,1,1
1,0,52,0.0,1,1,1,1
1,1,41,138734.94,1,1,0,0
0,1,37,96558.66,1,0,0,0
1,0,32,0.0,1,1,1,1
1,0,30,0.0,1,1,0,0
1,0,29,0.0,2,0,0,0
1,1,42,0.0,2,1,1,0
0,1,45,47884.92,1,1,1,0
1,0,46,0.0,1,1,0,0
0,1,28,124540.28,1,0,1,0
2,1,40,141782.57,2,0,0,0
0,0,36,155176.83,2,1,1,0
0,1,35,0.0,1,1,1,0
1,0,34,0.0,2,1,0,0
1,0,61,0.0,2,1,1,0
2,1,72,135290.42,2,1,1,0
1,0,38,178056.54,2,1,0,0
0,0,52,0.0,3,1,1,1
2,0,63,116227.27,1,1,1,0
0,0,45,43134.65,1,0,1,0
0,0,24,137492.35,2,0,1,0
0,0,47,144900.58,1,1,0,1
2,0,41,122403.24,1,0,1,1
2,1,40,134504.78,1,1,0,0
2,1,66,119499.42,2,1,1,0
2,0,36,76190.48,2,1,1,0
1,1,46,0.0,2,1,0,1
2,0,32,121669.23,1,0,1,0
2,0,43,80442.06,2,0,1,0
1,0,40,110929.96,1,1,1,0
0,0,47,0.0,2,1,1,0
1,0,51,0.0,2,0,0,1
2,1,50,102278.79,2,1,0,0
0,0,19,0.0,1,1,1,0
0,1,58,0.0,2,0,1,0
1,1,35,79858.13,2,1,1,0
0,0,69,0.0,2,0,1,0
0,1,67,113978.97,2,0,1,0
0,0,44,154409.74,1,1,0,1
2,1,35,180303.24,2,1,0,0
0,1,23,0.0,2,1,1,0
0,1,34,76322.69,1,1,0,0
0,0,33,153819.58,1,1,0,1
2,0,30,134497.27,1,0,0,0
2,0,36,92310.54,2,1,1,0
0,0,35,92566.53,2,1,0,0
1,0,50,0.0,1,0,0,1
2,1,41,90757.64,2,0,1,0
0,1,29,0.0,2,0,1,0
1,0,38,0.0,2,1,0,0
0,0,28,0.0,1,1,0,0
1,0,33,0.0,2,1,0,0
2,1,43,125338.8,2,1,0,0
2,1,48,143279.58,2,1,0,1
2,0,54,92877.33,1,1,0,1
1,0,47,106758.6,1,1,1,0
0,1,40,0.0,2,0,0,0
2,0,27,95331.83,2,1,0,0
0,0,36,126195.81,1,1,1,0
1,0,44,0.0,2,1,0,0
0,1,35,115651.6,2,1,1,0
0,0,31,109578.04,2,1,1,0
0,1,45,139859.23,1,1,1,0
0,1,37,75150.34,4,0,1,1
1,0,20,0.0,2,1,1,0
0,0,44,63438.91,1,1,0,0
1,0,22,0.0,2,0,0,0
0,1,20,134397.61,1,0,0,0
0,1,40,0.0,1,1,0,1
0,0,35,0.0,2,1,1,0
0,0,34,106486.66,2,0,1,0
2,0,58,142537.18,1,1,1,0
1,0,43,0.0,2,1,0,0
0,1,26,141581.71,2,0,0,0
2,0,33,118400.91,1,0,1,1
0,1,36,0.0,2,1,0,0
2,1,29,147199.07,1,1,1,0
1,0,41,0.0,1,0,1,0
0,1,50,0.0,2,1,1,0
0,0,39,129669.32,2,1,0,0
2,0,46,117837.43,1,1,0,1
2,0,68,100194.44,1,1,1,0
2,0,40,139022.24,1,0,1,0
0,0,28,137222.77,1,0,0,0
0,1,39,0.0,1,1,0,0
0,0,29,101486.96,1,1,1,0
2,1,42,49508.79,3,1,1,0
1,0,45,133618.01,1,0,0,0
1,0,40,123177.01,1,1,0,0
0,1,29,130114.39,1,1,0,0
0,0,20,104719.94,2,1,0,0
0,1,38,59568.57,1,1,1,0
1,0,40,104784.23,1,1,0,1
0,1,43,152341.55,1,1,0,0
0,0,33,126588.81,2,0,1,0
1,1,42,0.0,1,0,0,0
0,1,32,71187.24,1,1,1,0
0,0,36,129829.59,1,1,1,0
1,0,37,0.0,2,1,1,0
0,0,34,134007.9,1,1,1,0
2,0,33,122088.67,1,1,0,0
2,0,40,89025.88,2,1,0,0
0,0,42,0.0,2,1,0,0
1,1,33,0.0,2,1,1,0
0,1,25,0.0,2,0,1,0
2,0,38,38848.19,2,0,0,0
0,1,34,0.0,1,1,0,0
1,1,26,135889.13,1,1,1,0
2,0,45,99564.22,1,1,1,1
0,0,47,0.0,1,1,1,0
2,0,33,122394.0,1,1,1,0
1,1,21,0.0,2,1,1,0
2,0,30,119755.0,1,1,1,0
0,0,42,0.0,2,0,1,0
1,0,30,0.0,2,0,1,0
1,0,52,136298.65,1,1,0,1
2,0,35,146780.52,2,1,1,0
1,1,36,0.0,2,1,0,0
0,1,40,101891.1,1,1,1,0
0,1,50,0.0,4,1,0,1
1,1,36,85660.96,1,0,0,0
1,1,35,136526.26,2,1,0,0
0,1,46,127476.73,2,1,1,0
0,0,70,94416.78,1,0,1,0
2,0,41,70349.48,2,0,1,0
0,0,22,137583.04,1,0,1,0
0,0,36,97234.58,1,1,0,0
0,0,33,0.0,1,1,0,1
0,1,39,139562.05,2,1,0,0
0,0,36,85311.7,1,0,1,0
0,0,23,0.0,2,0,0,0
1,0,36,0.0,2,1,0,0
2,0,33,96926.12,2,1,0,0
2,0,44,129974.79,2,1,1,0
1,0,38,0.0,2,1,1,0
0,1,34,0.0,2,0,0,0
1,0,39,0.0,2,1,1,0
1,0,26,0.0,2,0,0,0
0,1,52,0.0,1,0,1,1
1,1,45,89122.3,1,1,1,0
0,1,33,0.0,2,1,0,0
0,0,29,0.0,2,0,1,0
1,0,34,0.0,2,1,0,0
0,1,32,144705.87,2,0,0,0
1,0,30,0.0,3,1,0,0
0,1,36,0.0,2,1,1,0
0,0,30,133634.02,1,1,1,0
1,0,42,194532.66,1,1,0,1
0,1,35,0.0,2,0,0,0
2,1,55,140891.46,3,1,1,1
1,0,50,0.0,1,0,0,1
1,0,44,77526.66,3,0,0,1
0,0,61,0.0,1,0,1,1
2,1,51,98438.23,1,0,0,1
0,0,92,121513.31,1,0,1,0
1,1,37,0.0,2,0,1,0
2,1,40,140306.38,1,1,0,1
0,1,37,0.0,2,1,1,0
0,0,38,0.0,2,1,1,0
0,1,40,137285.26,4,1,0,1
0,1,27,0.0,2,1,0,0
0,0,52,139781.06,1,1,0,1
2,1,39,112889.91,1,0,1,0
0,0,27,0.0,2,1,0,0
1,1,32,159397.75,1,0,1,0
1,1,43,134204.67,1,1,1,0
0,1,26,120923.52,1,0,1,0
0,1,34,144751.81,1,0,0,0
1,0,31,0.0,1,1,0,0
1,0,40,0.0,2,0,0,0
1,1,22,141287.15,1,1,0,0
0,0,35,0.0,2,1,0,0
0,1,53,0.0,2,1,0,1
0,1,36,0.0,2,1,1,0
1,0,23,0.0,2,0,0,0
1,0,40,112544.45,1,1,1,0
0,0,34,117593.48,2,0,0,0
0,1,45,102882.4,2,1,1,1
2,1,31,68927.57,1,1,1,0
0,0,25,120383.41,1,1,1,0
1,1,43,95140.44,2,1,0,1
0,0,34,141796.43,1,1,0,0
0,1,60,120731.39,4,1,1,1
2,1,21,35741.69,1,1,0,0
2,1,31,117992.59,1,1,1,0
1,1,50,0.0,2,1,1,0
2,1,47,170935.94,1,1,0,1
2,0,62,143426.34,2,1,1,0
2,0,30,115315.04,1,1,0,0
0,0,46,91857.66,1,1,0,1
1,1,23,0.0,1,1,1,0
1,0,32,71667.74,1,1,1,0
0,0,43,80090.93,1,1,0,1
2,0,32,151691.44,2,1,1,0
2,1,45,132746.2,2,1,0,1
0,0,62,118756.62,1,1,1,0
0,0,36,83543.37,1,0,0,0
0,0,46,0.0,2,0,1,0
0,1,49,0.0,2,1,1,0
2,1,42,132796.04,3,1,1,1
2,1,42,128707.31,1,1,0,1
0,0,33,108477.49,1,1,1,1
0,1,41,82596.8,1,0,1,0
2,0,39,115341.19,1,1,1,1
0,0,32,62321.62,1,1,1,0
0,1,36,69518.95,1,1,0,0
0,1,32,137649.47,1,0,0,0
1,1,31,139799.63,1,0,1,0
2,0,50,118098.62,1,1,1,1
0,1,51,101629.3,1,0,0,0
0,0,32,0.0,2,0,0,0
0,1,35,167924.95,1,1,0,0
1,1,32,79450.09,1,1,1,0
2,1,40,97990.49,2,0,0,0
2,1,28,62717.84,2,1,1,0
1,1,59,0.0,2,1,1,1
1,0,51,88827.53,1,0,0,1
0,0,45,138825.19,1,0,0,0
0,0,31,0.0,2,1,1,0
2,0,43,141859.12,2,1,1,0
0,0,48,92347.96,1,1,1,0
2,0,29,96462.25,2,0,1,0
0,1,29,152265.43,1,1,0,0
0,0,26,0.0,2,1,0,0
2,1,38,158651.29,2,1,1,0
0,0,30,0.0,2,1,1,0
1,0,37,152212.88,2,0,0,0
0,0,48,96542.16,2,0,1,0
2,0,36,119984.07,1,1,0,1
2,1,37,123067.63,1,1,1,1
0,0,35,165692.91,1,1,1,0
1,1,43,133214.88,2,1,1,0
0,1,27,0.0,2,1,0,0
0,1,37,212778.2,1,0,1,0
1,0,42,0.0,1,0,1,0
2,1,26,105099.45,1,1,1,1
0,0,39,0.0,2,1,1,0
0,1,45,45144.43,1,1,0,1
1,0,32,0.0,2,1,0,0
0,0,34,124619.33,2,0,1,0
1,0,38,146282.79,2,1,0,0
1,0,40,95312.8,1,1,1,0
0,0,39,0.0,2,1,0,0
2,0,38,136858.42,1,0,1,0
0,1,53,0.0,1,1,1,0
2,1,35,80931.75,1,0,0,1
1,0,25,167385.81,1,1,1,0
0,0,37,105843.26,2,1,1,0
0,0,72,0.0,2,1,1,0
1,1,29,0.0,2,0,1,0
1,0,43,175735.5,1,1,1,0
0,1,36,0.0,2,1,0,0
0,1,53,0.0,2,1,0,0
1,0,47,102562.23,1,1,0,0
0,1,27,0.0,2,1,1,0
0,1,44,96418.09,1,0,0,1
2,0,29,82916.48,1,1,1,0
2,0,31,130240.33,1,0,0,0
0,0,79,61811.23,1,1,1,0
0,0,34,158741.43,2,1,1,0
0,1,52,65971.61,2,1,0,1
0,0,25,102585.88,2,1,1,0
0,1,33,0.0,2,0,1,0
0,0,32,175464.85,3,1,0,1
0,0,37,0.0,2,1,0,0
1,0,31,108632.48,1,1,1,1
0,0,34,84055.43,1,0,0,0
1,0,30,78653.05,1,1,0,0
0,1,49,44301.43,3,1,1,1
1,0,52,0.0,2,1,1,0
1,1,24,0.0,2,0,1,0
0,0,37,186347.97,2,1,0,0
1,0,36,89772.3,1,1,0,1
0,0,30,0.0,2,1,0,0
0,0,32,0.0,2,0,0,0
0,0,44,73348.56,1,1,0,1
0,0,25,0.0,2,0,1,0
0,1,33,127638.35,1,1,1,0
1,0,45,0.0,1,0,0,0
0,1,41,0.0,2,1,1,0
1,1,49,141434.04,1,0,0,1
0,1,26,0.0,2,1,0,0
2,1,46,105214.58,1,1,0,1
1,1,28,96381.68,2,1,0,0
1,1,43,0.0,1,0,0,0
0,1,32,116409.55,1,0,1,0
1,1,32,0.0,1,0,0,0
1,1,35,0.0,2,1,1,0
0,0,33,111060.05,2,1,0,0
0,0,30,125739.26,1,1,1,0
1,1,67,124577.15,1,0,1,0
2,1,30,110148.49,1,1,0,1
0,0,58,89685.92,1,0,1,0
0,0,32,178011.5,2,1,0,0
2,1,48,124442.38,1,1,0,1
1,0,53,0.0,2,1,1,0
1,1,64,116954.32,1,1,1,0
0,0,25,0.0,2,1,1,0
2,1,20,121093.29,2,1,0,0
1,1,50,0.0,2,1,1,0
2,1,37,151218.98,1,1,1,0
1,1,32,0.0,2,1,1,0
2,0,41,152102.18,2,1,0,0
1,1,40,113348.5,1,1,1,0
1,0,34,113922.44,2,1,0,0
0,0,36,116275.12,1,1,1,0
1,0,25,142862.21,1,1,1,0
2,1,58,116922.25,1,1,0,1
1,1,59,126224.87,1,1,1,0
1,0,32,131945.94,1,0,1,0
0,0,24,98148.61,1,1,0,0
1,0,41,96032.22,1,1,1,0
2,0,45,143129.41,2,0,1,0
2,1,37,113383.07,1,1,1,0
2,0,41,110112.54,2,0,0,0
1,0,63,120787.18,2,1,1,0
2,0,41,152532.3,1,0,0,0
0,0,30,133844.22,1,1,1,0
1,1,29,120307.58,1,1,1,0
0,1,46,0.0,1,1,1,1
1,1,32,0.0,1,1,0,0
0,0,61,0.0,1,1,0,1
0,0,32,93694.42,1,1,1,0
1,0,39,111900.14,1,1,1,0
2,1,34,37266.67,2,0,0,0
1,0,37,143407.29,2,0,1,0
2,0,42,121765.37,2,1,1,0
0,1,39,94435.45,2,0,1,0
1,0,49,0.0,2,1,1,0
0,1,56,0.0,1,0,0,1
0,1,35,0.0,2,1,1,0
1,0,44,89118.26,1,1,0,1
2,1,19,108711.57,2,1,0,0
0,0,40,0.0,2,0,0,0
0,0,50,201009.64,1,1,0,1
1,0,54,0.0,1,1,1,0
1,1,24,0.0,1,1,0,1
0,1,38,0.0,2,1,0,0
1,0,44,107726.93,2,1,0,0
0,1,26,118097.87,1,1,0,0
1,0,19,112615.86,1,1,1,0
1,0,33,0.0,2,1,1,0
0,1,31,142905.51,1,1,1,0
0,0,38,0.0,2,1,0,0
0,0,36,0.0,1,1,0,1
1,0,52,0.0,2,0,1,0
0,1,53,0.0,2,1,1,0
0,0,36,89800.14,1,1,1,0
2,1,59,91680.1,2,1,0,1
0,0,23,168372.52,1,1,0,0
0,0,25,116160.23,1,1,0,0
0,0,28,172646.82,1,1,1,0
0,1,43,0.0,2,1,0,0
1,1,39,0.0,2,1,1,0
0,1,39,0.0,3,1,0,1
0,0,35,144428.87,1,1,0,0
0,1,55,110123.59,1,0,1,1
0,1,36,0.0,2,1,1,0
0,1,40,147803.48,1,1,0,1
0,0,33,125789.69,1,0,0,1
2,0,44,143391.07,1,0,0,1
1,0,32,155619.36,1,1,1,0
0,0,36,0.0,2,1,1,0
0,0,51,97565.74,1,0,0,1
0,0,48,118317.27,4,0,0,1
2,0,25,173459.45,2,1,1,0
1,0,32,0.0,1,1,0,0
2,0,39,124828.46,2,1,1,0
2,0,32,110029.77,1,1,0,0
0,0,60,116563.58,1,1,0,1
0,0,26,0.0,1,1,0,0
0,1,42,0.0,2,0,1,0
1,0,34,0.0,2,1,0,0
0,0,40,148790.61,1,0,1,0
0,1,34,97435.85,2,1,1,0
0,1,64,128306.7,1,0,1,0
0,0,47,0.0,1,1,0,1
0,0,43,0.0,2,1,0,0
0,0,47,0.0,2,1,1,0
0,0,43,158713.08,2,0,0,0
2,1,35,117438.92,2,1,1,0
0,0,43,137638.69,1,1,0,1
1,1,52,154733.97,1,1,0,1
1,0,32,0.0,2,1,1,0
0,0,35,0.0,2,1,0,0
0,1,51,0.0,3,1,1,1
0,0,34,0.0,1,0,1,0
1,1,64,0.0,1,1,0,1
0,0,30,131406.56,1,1,1,0
1,1,35,83286.56,1,1,0,0
2,1,55,108477.27,1,0,1,1
2,1,43,122717.53,2,1,1,0
0,0,38,114756.14,1,1,0,0
0,0,29,117035.89,1,1,1,0
0,0,25,0.0,2,1,0,0
1,0,42,109121.71,1,0,1,0
1,0,61,82182.1,1,1,0,1
2,1,53,95231.91,1,0,0,1
2,0,54,134388.11,1,0,0,1
0,0,36,178111.82,1,0,0,1
0,0,35,114193.24,1,1,0,0
0,1,50,0.0,2,0,1,0
0,1,22,0.0,1,0,1,0
2,0,28,142574.71,2,1,0,0
0,0,37,185063.7,2,1,1,0
0,1,40,137494.28,1,1,0,0
2,0,50,121438.58,1,1,1,1
2,0,35,109196.66,3,1,0,1
2,0,25,153611.83,2,1,0,0
2,0,50,126345.55,1,0,1,1
0,1,36,0.0,1,0,0,1
0,0,24,0.0,2,0,0,0
2,0,29,149318.55,1,1,0,0
1,1,47,0.0,2,1,1,0
1,1,43,116360.07,1,1,0,0
0,0,39,0.0,2,1,0,0
2,0,35,140691.08,2,1,0,0
2,0,52,135870.01,2,0,0,0
2,0,37,135776.36,3,1,0,1
1,0,56,168883.08,1,0,1,0
2,1,28,90371.09,1,1,1,0
1,1,29,138296.94,2,1,0,0
0,0,33,0.0,2,1,1,0
1,0,30,0.0,2,0,1,0
1,1,39,0.0,2,1,0,0
1,1,23,136100.69,2,0,0,1
1,0,48,131659.59,2,0,1,0
0,1,31,40915.55,1,1,0,1
0,1,40,125879.29,1,1,0,0
2,1,34,101861.36,2,0,0,0
0,0,80,0.0,1,1,1,0
1,1,45,126495.57,2,1,1,0
1,0,52,121161.57,1,1,0,0
0,0,50,0.0,1,1,0,1
0,1,33,121685.31,2,1,1,0
0,1,41,0.0,1,1,1,0
0,0,37,0.0,2,1,1,0
0,1,38,0.0,2,1,0,0
2,0,37,135795.63,1,0,1,0
2,1,47,128298.74,1,0,0,1
1,1,29,143330.56,2,1,1,0
1,0,38,95010.92,1,1,1,0
2,0,24,108528.07,2,0,0,1
1,1,38,0.0,2,1,1,0
2,1,31,105864.6,2,1,0,0
1,0,24,108881.73,1,1,0,0
0,0,34,0.0,1,1,0,1
0,0,39,0.0,2,0,1,0
0,1,35,0.0,2,1,0,0
1,0,28,0.0,2,0,1,0
0,1,24,0.0,2,1,0,0
0,0,43,127806.91,1,1,1,0
1,0,36,59893.85,2,1,0,0
2,1,48,102962.62,1,1,0,1
2,1,42,99948.45,1,0,1,0
2,0,40,108197.11,2,1,0,0
0,0,45,83195.12,1,1,1,0
2,0,41,127205.32,4,1,0,1
0,1,38,63093.01,1,1,1,0
1,0,26,83600.24,1,0,1,0
1,1,35,14262.8,2,1,0,0
0,0,71,0.0,2,1,1,0
0,1,27,159561.93,1,0,1,0
2,1,25,132837.7,1,1,0,0
2,0,32,184715.86,2,1,0,0
0,0,36,144852.06,1,0,0,0
0,1,34,0.0,2,0,0,0
0,0,59,122781.51,1,0,1,0
2,1,69,78833.15,2,1,1,0
2,1,52,111973.97,1,1,1,1
1,0,42,0.0,2,0,0,0
0,0,36,90145.04,1,1,1,0
0,0,42,0.0,2,1,0,0
2,1,37,113865.23,2,1,1,0
1,1,46,131414.76,1,1,0,0
0,1,37,0.0,1,1,1,0
1,0,38,143006.7,1,1,1,0
2,0,48,96048.55,1,1,0,0
2,1,52,111739.4,2,0,1,0
1,1,47,134032.01,1,1,0,0
1,1,29,0.0,2,1,0,0
0,0,55,118793.6,1,1,1,1
1,1,61,0.0,2,1,1,0
1,1,28,0.0,1,1,1,0
1,1,51,0.0,2,1,0,0
2,1,39,96748.89,2,1,0,0
1,0,23,0.0,2,1,0,0
1,1,47,110783.28,1,1,1,0
0,1,42,137781.65,1,0,0,0
0,0,19,0.0,2,1,0,0
2,0,31,116891.72,1,1,0,0
0,0,39,0.0,2,1,0,0
2,0,29,123737.04,2,1,0,0
2,1,43,125890.72,1,1,1,0
2,1,49,127948.57,1,1,1,0
2,1,55,180075.22,1,1,1,0
2,0,47,136911.07,1,1,1,1
2,0,26,214346.96,2,1,0,0
0,0,21,0.0,2,1,1,0
1,1,28,0.0,2,0,1,0
0,0,37,0.0,1,0,1,1
0,0,26,137998.2,2,0,1,0
0,1,38,0.0,1,1,0,0
1,0,28,141038.57,2,0,0,0
0,0,31,129722.57,1,0,0,0
0,0,60,0.0,2,1,1,0
1,1,37,0.0,2,1,0,0
1,1,36,0.0,3,1,0,0
0,1,27,0.0,2,0,0,0
1,0,35,105492.53,1,1,1,0
1,0,35,95772.97,1,1,1,0
0,0,30,114779.35,1,0,0,0
2,1,35,79585.96,1,0,1,0
0,1,32,98877.95,1,1,0,0
2,0,37,125489.4,1,1,0,0
2,1,37,113291.05,2,1,1,0
2,1,49,102025.32,1,1,0,1
2,0,34,60515.13,1,0,0,0
0,0,32,97514.07,1,1,1,0
2,0,42,107104.5,1,1,1,1
0,0,40,0.0,1,0,0,1
0,1,55,0.0,1,1,1,0
2,1,46,87361.02,2,1,0,1
0,1,28,142705.95,1,1,0,0
1,0,37,107592.89,2,0,1,0
1,0,27,137275.36,1,0,1,0
1,0,31,0.0,2,0,0,0
2,1,41,130701.29,1,1,0,1
1,1,35,0.0,1,1,0,0
0,0,33,0.0,2,0,1,0
2,1,37,95022.57,1,1,1,0
0,1,32,127849.38,1,1,0,0
1,0,29,0.0,2,0,1,0
0,0,32,121240.76,1,1,0,0
2,1,47,109493.62,1,0,0,1
0,0,44,0.0,1,1,1,0
1,1,57,109679.72,1,0,1,0
2,0,23,137060.88,2,1,1,0
1,0,37,157084.99,1,1,0,0
2,1,46,74458.25,1,0,1,0
2,0,50,116309.01,1,1,0,1
2,0,41,120586.54,1,0,1,0
0,1,35,0.0,2,0,0,0
0,1,55,0.0,4,1,1,1
2,1,36,143644.16,1,1,0,1
1,1,38,102406.76,1,0,1,0
0,0,38,0.0,2,1,0,0
0,0,30,0.0,2,1,1,0
0,0,36,0.0,2,0,1,0
1,1,34,107556.06,2,0,0,0
0,0,33,0.0,2,1,0,0
2,1,39,126935.98,2,0,1,0
1,0,62,0.0,1,1,1,0
1,1,27,0.0,2,0,0,0
2,0,31,127320.36,3,1,0,0
0,0,32,0.0,2,1,1,0
1,0,40,128389.12,1,1,1,0
2,1,29,107712.57,2,1,1,0
0,1,25,0.0,2,0,1,0
2,0,37,139265.63,2,1,1,0
2,0,38,135559.8,2,1,1,0
2,1,45,142765.24,2,1,0,0
0,1,42,115961.58,2,0,1,0
0,1,59,0.0,2,1,1,0
0,1,60,0.0,1,1,1,0
2,1,31,141069.18,3,1,1,0
0,0,41,90605.29,1,1,1,0
0,0,37,105261.76,2,1,1,0
1,0,32,0.0,1,1,0,0
0,0,64,0.0,2,1,1,0
2,1,40,89994.71,2,0,1,0
0,0,39,74896.33,1,0,0,0
2,1,64,98362.35,2,1,1,0
0,0,33,54503.55,1,1,1,0
0,0,41,102768.42,1,1,0,0
0,1,46,0.0,1,1,0,1
0,0,22,0.0,2,1,1,0
2,1,33,129335.65,1,1,1,1
0,1,40,99816.46,1,1,1,1
0,1,32,0.0,1,0,0,0
1,0,46,65269.23,1,0,1,1
0,0,37,0.0,1,0,0,1
2,1,48,102290.56,2,1,0,0
0,1,37,0.0,2,1,0,0
0,1,28,130142.79,1,1,0,0
1,1,39,171646.76,1,0,1,0
0,1,31,0.0,2,1,1,0
2,0,29,98955.87,1,0,1,0
1,1,22,0.0,3,0,1,1
0,1,75,0.0,2,1,1,0
0,0,33,93791.38,1,1,1,0
1,0,18,0.0,1,0,1,1
2,0,35,98556.89,2,1,0,0
2,1,49,132571.67,1,1,1,1
2,1,43,116220.5,3,1,0,1
1,0,25,157228.61,2,1,0,0
1,0,52,111284.53,1,0,1,1
1,1,30,0.0,2,1,0,0
0,0,36,0.0,1,1,1,0
1,1,35,0.0,2,0,1,0
1,0,38,0.0,1,0,1,0
0,0,29,159597.45,1,1,0,0
2,0,27,111348.15,1,1,0,0
0,1,37,113143.12,1,0,0,0
1,0,26,96659.64,2,1,1,0
0,1,45,0.0,2,1,1,0
2,1,46,115074.02,2,1,0,0
2,1,59,135296.33,1,1,0,0
1,1,39,0.0,2,1,1,0
2,1,35,108269.2,2,1,0,0
0,0,34,0.0,2,0,1,0
2,1,30,154159.51,1,1,0,0
2,1,41,153895.65,1,1,1,0
0,0,40,91592.06,1,1,0,1
1,0,32,0.0,2,1,0,0
0,1,43,0.0,1,0,1,0
2,1,64,153469.26,3,0,0,1
0,1,53,0.0,1,1,1,0
0,1,38,98640.74,1,1,1,0
2,1,48,105086.74,1,1,1,1
0,0,35,127120.07,1,1,0,0
0,0,33,156297.58,2,1,1,0
0,0,33,112833.35,1,0,1,0
2,1,25,144351.86,1,1,0,0
1,1,33,0.0,2,1,1,0
2,1,58,145984.92,1,1,1,0
2,0,40,111756.5,1,1,0,1
0,0,36,142882.49,1,1,0,1
2,1,49,127421.78,2,1,0,1
1,0,38,99842.5,2,1,0,1
0,1,21,166883.07,2,0,1,0
0,1,42,0.0,2,0,0,0
0,1,43,134022.06,1,1,0,0
2,0,72,94216.05,1,1,1,0
0,0,30,98014.74,1,1,1,0
0,0,41,0.0,1,1,1,0
2,0,33,152143.89,1,1,1,0
2,1,54,97382.53,1,1,1,0
2,0,20,119714.25,2,0,1,0
1,1,37,0.0,2,1,1,0
0,0,69,0.0,2,1,0,0
0,0,22,0.0,2,0,1,0
2,0,40,103604.31,2,0,0,0
1,0,30,0.0,2,0,1,0
0,0,44,115049.15,2,1,0,0
0,0,35,0.0,1,1,1,1
0,0,37,0.0,1,1,0,0
2,0,44,93960.35,1,1,0,1
0,0,43,189026.53,2,1,1,0
2,0,56,151802.29,1,1,0,1
2,1,37,124513.66,2,1,0,0
0,0,31,0.0,2,0,1,0
1,0,42,101043.63,1,1,1,0
1,1,36,116338.68,1,1,1,0
1,1,28,157597.61,1,0,1,0
1,1,27,0.0,2,1,1,0
2,0,44,116363.37,2,1,0,0
0,0,49,159458.53,1,1,0,0
2,0,19,166133.28,1,1,1,0
2,0,49,169377.31,1,1,1,0
1,0,32,124179.3,1,1,1,0
0,1,58,131852.81,1,1,0,1
0,0,33,140931.57,1,0,1,0
0,0,32,0.0,1,1,1,0
1,0,40,0.0,2,1,1,0
1,0,37,0.0,1,1,1,0
0,1,25,132116.13,2,1,0,0
0,0,46,135369.71,1,0,1,0
0,0,32,97041.16,1,1,1,0
2,0,48,85915.52,1,1,1,0
0,0,49,105918.1,1,1,1,0
0,0,28,116498.22,1,1,0,0
0,0,21,0.0,2,1,1,0
2,1,32,67495.04,2,0,1,0
0,1,27,0.0,3,1,0,0
1,1,49,80816.45,1,1,1,0
1,0,40,0.0,2,1,1,0
2,1,33,115761.51,1,0,1,1
2,0,37,115569.21,1,0,1,0
0,0,28,98738.92,1,1,0,0
1,0,35,0.0,1,1,0,1
0,1,36,83947.12,2,1,0,0
0,1,37,0.0,1,0,0,0
0,1,28,0.0,2,0,0,0
0,0,47,198546.1,2,1,0,1
0,1,33,134348.57,1,1,0,0
0,1,29,71996.29,1,1,1,0
0,0,41,0.0,1,1,1,0
0,0,30,109805.3,1,0,1,0
2,0,65,126306.64,3,0,0,1
0,0,60,76705.87,2,0,1,0
2,1,32,138171.1,2,1,1,0
0,1,38,157658.36,1,0,0,0
0,1,29,79715.36,1,1,0,0
1,1,36,164557.95,1,0,1,0
1,0,52,0.0,1,1,0,1
0,0,21,137910.45,1,1,1,0
0,1,51,104760.82,1,1,1,1
2,1,38,83727.68,1,1,0,0
0,1,25,0.0,2,1,0,0
0,0,35,0.0,2,1,1,0
2,0,34,94108.54,2,1,0,0
1,0,45,0.0,2,1,1,0
2,0,45,142084.04,4,1,0,1
0,0,37,103772.45,1,1,0,0
0,1,61,80538.56,1,1,0,1
1,1,63,162278.32,1,1,1,0
1,0,42,0.0,2,1,1,0
2,1,48,133903.12,2,1,1,1
0,1,29,88814.4,2,1,1,0
0,1,50,0.0,2,1,1,0
2,0,44,105934.96,1,1,0,0
2,0,49,129164.88,1,1,1,0
0,0,32,0.0,2,0,0,0
0,0,75,87140.85,1,1,1,0
0,0,24,171922.72,1,0,1,0
1,0,34,117300.02,1,1,0,0
2,0,30,132174.41,2,0,0,0
0,0,29,0.0,2,1,0,0
1,1,50,146777.44,2,0,1,0
0,0,43,112499.42,2,1,0,0
2,0,41,176958.46,2,0,1,0
0,1,35,104508.1,1,1,1,0
0,0,31,0.0,2,0,1,0
0,1,41,0.0,3,1,0,0
0,0,40,0.0,2,1,1,0
0,1,32,0.0,2,0,0,0
0,1,47,139914.6,4,0,1,1
0,1,49,0.0,1,1,0,1
2,1,33,131647.01,2,0,0,0
0,0,22,0.0,2,0,0,0
2,0,48,149726.08,1,0,0,1
0,0,43,114974.24,1,1,0,0
2,0,25,172812.72,2,1,1,0
0,0,30,0.0,2,1,0,0
2,1,28,139986.65,1,1,0,0
0,0,28,114731.76,2,0,1,0
2,0,32,155726.85,1,1,0,0
0,1,32,69423.52,1,1,0,0
1,1,38,0.0,2,0,1,0
0,1,31,114722.05,2,1,1,0
1,0,33,0.0,2,0,0,0
2,0,33,83501.66,2,1,0,0
1,0,35,106365.29,1,1,1,0
0,0,44,128601.98,1,1,0,0
1,1,20,133313.34,1,1,1,0
1,0,45,84692.5,1,0,1,0
0,1,26,108909.12,1,1,0,0
0,1,49,0.0,2,0,0,0
0,0,28,0.0,2,0,0,0
2,0,46,137367.94,1,1,1,0
0,0,40,97339.99,1,0,1,0
0,0,43,81076.8,2,1,1,1
2,0,35,76989.97,1,1,1,0
1,0,32,133705.74,1,0,0,0
2,0,23,139542.82,1,0,1,0
0,1,70,87926.24,2,1,0,1
1,0,46,182364.53,1,0,0,1
0,1,31,136789.14,1,1,0,1
2,1,52,107906.75,1,1,0,1
0,0,27,156811.74,1,1,1,0
0,1,34,142388.61,2,0,1,1
0,1,34,0.0,2,0,0,0
0,1,32,0.0,2,0,1,0
0,1,30,0.0,1,0,0,0
0,1,43,0.0,2,1,1,0
0,0,38,105271.56,1,0,1,0
2,0,32,88348.43,2,1,1,0
2,0,33,128135.99,1,1,0,0
0,1,38,0.0,2,1,1,0
2,1,25,128524.19,2,1,0,0
2,0,39,149887.49,2,1,0,0
2,0,35,98270.34,1,1,0,0
0,0,36,142400.77,1,1,1,0
0,0,34,145030.92,1,1,1,0
0,0,28,109137.12,1,1,1,0
0,1,42,0.0,1,1,0,1
0,1,38,117289.92,1,0,0,0
1,0,34,0.0,2,1,0,0
2,1,37,70258.88,2,1,0,0
2,0,37,107106.33,2,1,0,0
0,0,38,134006.77,1,1,0,0
0,0,29,127504.57,1,0,0,0
0,0,55,0.0,1,0,1,1
2,1,28,143124.63,2,1,0,0
0,0,46,0.0,2,1,1,0
1,0,30,136808.53,2,1,1,0
0,0,34,0.0,2,1,1,0
2,0,49,108437.89,1,0,0,1
0,1,35,121418.62,1,1,1,0
2,0,26,128793.63,1,1,0,0
2,0,49,116150.65,3,1,1,1
1,0,77,149083.7,1,1,1,0
2,0,35,127801.88,1,0,1,0
2,0,43,136855.94,2,1,0,0
2,0,28,79460.98,2,1,1,0
2,0,31,98899.91,1,1,1,0
2,0,49,98649.55,1,1,0,1
0,1,48,57098.96,1,1,0,1
0,0,74,0.0,2,0,1,0
2,0,38,117633.28,1,0,1,0
0,1,47,0.0,2,0,0,0
0,0,49,78653.84,1,1,0,0
0,1,43,160474.59,1,1,1,0
0,1,42,0.0,2,1,1,0
0,1,35,0.0,2,0,1,0
0,0,35,181821.96,2,0,1,1
0,0,42,102870.93,1,0,1,1
1,0,66,0.0,2,1,1,0
2,1,33,104552.72,1,1,1,1
1,1,41,0.0,1,0,1,0
0,0,33,118082.89,1,0,0,0
1,1,33,0.0,2,0,0,0
2,1,46,110031.09,2,1,1,0
0,1,53,0.0,2,0,1,1
1,0,29,0.0,2,1,1,0
0,1,42,0.0,1,0,1,1
0,0,50,76817.0,4,1,0,1
1,1,19,0.0,2,1,0,0
0,0,31,0.0,2,1,1,0
0,0,34,0.0,2,1,0,0
2,1,30,143340.44,1,1,0,0
2,0,29,135759.4,1,0,0,1
1,1,33,145580.61,1,1,1,0
0,1,53,0.0,2,1,0,0
0,0,33,84309.57,2,0,0,0
2,0,32,61825.5,1,1,1,0
2,1,57,101465.31,1,1,0,1
0,0,32,0.0,2,0,1,0
0,0,41,147726.98,3,1,0,1
0,0,38,145018.49,2,1,1,0
1,0,31,55732.92,2,1,1,0
2,0,25,165413.43,1,1,1,0
1,1,35,0.0,1,1,0,1
0,0,35,97560.16,1,1,1,0
1,0,68,0.0,2,1,0,1
0,1,39,151553.19,1,1,1,0
1,0,28,0.0,2,1,0,0
2,0,47,99353.42,1,1,0,1
0,1,31,0.0,1,0,1,0
2,1,52,124099.13,1,0,0,0
0,1,39,104386.53,1,1,0,0
1,0,42,0.0,2,1,1,0
2,1,46,120530.34,1,1,0,1
2,0,40,164948.98,3,0,0,1
1,1,35,0.0,2,0,0,0
0,0,32,146605.27,1,1,1,0
0,1,37,183613.66,2,0,0,0
0,1,35,0.0,1,1,0,1
0,0,51,0.0,2,1,1,0
0,0,37,212692.97,1,0,0,0
1,0,49,0.0,1,1,0,1
0,1,35,0.0,2,1,0,0
0,1,25,126442.59,1,1,0,0
1,1,49,110864.38,2,1,1,1
0,0,36,152169.12,2,0,0,1
1,0,70,0.0,2,1,1,0
0,0,61,128213.96,2,1,1,1
0,1,44,0.0,2,1,0,0
0,1,42,109471.79,1,0,1,0
0,0,33,0.0,1,1,1,0
1,0,29,0.0,1,1,1,0
0,1,28,191864.51,1,1,0,1
2,0,35,99967.76,1,1,1,0
2,1,35,166518.63,2,1,0,0
2,1,32,68067.24,1,1,0,0
2,0,38,112281.7,1,0,1,0
0,0,40,169742.64,1,1,1,1
0,0,26,0.0,2,0,0,0
1,1,45,0.0,2,0,1,0
2,1,35,123042.0,1,1,0,1
0,0,28,0.0,2,1,1,0
2,1,43,69014.49,2,0,0,0
2,1,37,134171.8,4,1,1,1
1,1,31,0.0,2,0,1,0
0,1,74,121276.32,1,1,1,0
2,0,38,126265.88,2,0,0,0
0,0,37,0.0,2,0,1,0
1,1,45,57784.22,1,1,0,1
1,0,58,178713.98,1,1,1,0
2,0,30,128770.88,2,1,1,0
1,0,36,0.0,2,1,0,0
0,1,23,0.0,1,0,0,1
0,0,31,110527.17,1,1,1,0
1,1,35,122570.69,1,0,0,0
1,1,38,112803.92,1,1,0,0
0,1,41,123475.04,1,1,1,0
1,0,48,132759.8,1,1,0,0
2,0,47,129289.98,1,1,0,1
2,1,39,100062.16,2,1,0,0
0,0,32,0.0,1,1,1,0
0,1,25,0.0,2,1,1,0
2,1,28,124923.35,2,1,1,0
2,1,32,104857.19,2,1,0,0
0,1,39,132077.48,2,1,0,0
1,0,44,88915.85,1,1,0,0
0,1,73,97259.25,1,0,1,0
1,0,37,0.0,2,0,0,0
0,0,31,142200.19,2,1,1,0
2,1,40,162261.01,2,1,0,0
1,0,46,0.0,1,1,0,0
0,0,31,0.0,2,0,1,0
2,1,28,99152.73,2,1,0,0
0,0,32,107871.72,1,1,0,0
2,0,30,143138.91,2,1,0,0
0,0,33,0.0,2,1,1,0
1,1,38,96858.35,1,1,0,0
2,0,33,127154.14,2,0,1,0
2,1,42,80380.24,1,1,0,0
2,1,28,164365.44,1,0,1,0
2,1,29,78939.15,1,1,0,1
1,1,36,0.0,1,1,0,0
0,0,35,0.0,2,1,1,0
1,1,34,0.0,1,1,0,0
0,1,34,110717.38,1,1,1,0
0,0,45,0.0,2,1,1,0
0,0,37,125190.86,1,0,1,0
2,0,29,121890.06,1,1,0,1
0,1,34,123034.43,2,1,1,0
0,0,26,74681.9,2,0,0,0
1,1,46,177619.71,1,1,0,0
2,1,31,120599.38,2,1,1,0
0,0,34,0.0,2,1,1,0
1,0,24,141078.57,1,1,1,0
1,0,29,0.0,2,1,1,0
0,1,49,0.0,1,1,0,1
1,0,38,135289.33,2,0,1,0
1,0,26,79932.41,1,0,0,0
1,1,43,120867.18,1,1,0,1
1,0,38,113607.47,1,1,0,0
0,0,47,130747.1,1,1,0,0
1,0,40,0.0,1,1,0,0
0,1,34,124379.14,1,1,0,0
0,1,31,0.0,1,0,1,0
1,0,41,148863.17,1,1,1,0
1,0,61,152968.73,1,0,1,0
1,0,31,115406.97,1,0,0,0
0,1,22,89492.62,1,0,0,0
2,1,38,128218.47,1,1,0,1
2,0,35,144037.6,1,1,0,0
2,0,61,102453.26,1,1,0,1
2,0,67,123276.69,2,1,1,1
1,0,44,0.0,2,1,1,0
2,0,43,112088.04,2,1,1,0
0,1,32,110923.15,2,1,1,1
0,0,36,188455.19,1,0,0,1
0,0,33,127818.52,1,1,0,0
0,0,45,142072.02,1,1,0,0
0,1,33,91301.72,1,0,1,0
2,0,26,114450.32,1,1,1,0
1,0,33,121260.19,2,1,0,0
2,0,24,92398.08,1,1,1,0
1,1,39,0.0,3,0,0,1
2,1,35,178317.6,1,0,0,0
2,1,32,111537.23,4,1,1,1
2,1,31,76798.92,1,0,0,0
0,1,39,0.0,2,1,0,0
0,0,37,0.0,1,1,0,0
2,1,39,88477.36,2,1,0,0
2,1,36,74974.89,1,1,1,0
2,0,36,138992.48,2,0,0,0
0,0,33,129574.98,1,1,1,0
0,0,43,0.0,2,1,1,0
1,0,28,156823.7,2,1,0,0
2,1,43,93259.57,3,1,0,1
0,1,39,111695.62,1,0,0,0
1,1,31,0.0,2,1,0,0
0,1,34,131283.11,1,0,0,0
2,0,28,160858.13,2,1,0,0
2,1,34,89437.03,1,1,1,0
1,1,31,144637.86,2,1,0,0
2,0,34,133467.77,2,1,1,0
2,0,40,108407.34,1,1,1,0
2,0,52,83693.34,2,1,1,0
2,1,47,139756.12,1,1,0,1
0,0,34,114543.27,1,1,1,0
1,1,41,99945.93,2,1,0,0
2,1,28,122034.4,3,0,1,1
1,0,25,160599.06,2,1,1,0
0,1,35,0.0,2,1,1,0
0,1,29,87946.39,1,1,1,0
2,1,45,134562.8,1,1,1,0
0,1,40,0.0,2,1,0,0
0,0,45,0.0,1,1,1,0
0,0,18,0.0,2,1,1,1
0,1,52,125095.94,1,1,0,1
1,0,33,0.0,2,1,1,0
0,0,26,149879.66,1,0,0,0
0,1,31,107784.65,1,1,1,0
1,1,37,0.0,1,0,1,0
2,0,41,72252.64,2,1,1,0
0,0,32,0.0,2,1,0,0
0,0,30,0.0,2,1,1,0
2,0,42,88120.97,2,1,1,0
0,0,59,0.0,2,0,0,1
2,0,52,137755.76,1,1,0,1
0,0,18,102983.91,1,1,0,0
2,0,32,99462.8,2,1,1,0
1,1,45,0.0,2,1,1,0
1,0,39,141829.67,1,1,1,0
1,0,38,0.0,1,0,1,0
0,1,45,0.0,1,1,0,1
0,0,36,0.0,2,1,1,0
2,1,30,126663.51,1,1,1,0
0,0,68,169445.4,1,1,1,0
0,0,36,112262.84,1,1,0,0
0,0,38,0.0,2,1,0,0
2,1,33,83555.58,1,0,0,0
0,1,54,0.0,2,1,1,1
1,1,41,0.0,2,0,0,0
1,1,27,0.0,2,0,0,0
2,0,32,169947.41,2,1,1,0
0,0,33,0.0,2,1,0,0
0,1,38,0.0,2,1,0,0
2,1,43,111094.05,2,1,1,0
0,0,47,160729.1,1,0,1,0
2,0,52,98443.14,2,0,0,0
1,0,41,0.0,2,1,1,0
1,0,36,0.0,3,1,1,0
0,1,29,104982.57,1,1,0,0
0,0,31,0.0,2,1,0,0
1,1,38,0.0,2,1,0,0
1,0,22,0.0,2,0,0,0
1,1,35,0.0,2,1,0,0
2,1,41,200117.76,2,1,0,0
2,0,39,117469.91,2,0,0,0
0,0,31,96288.26,1,1,0,0
0,1,36,0.0,2,0,0,0
2,0,70,148745.92,2,1,1,0
2,0,70,77356.92,2,1,1,0
2,1,40,124401.6,1,1,0,1
0,0,28,0.0,1,0,0,0
2,0,45,117231.63,3,1,1,1
0,0,40,0.0,2,0,1,0
2,0,29,127269.75,1,0,1,0
0,0,61,62391.22,1,1,1,0
0,1,45,104118.5,1,0,1,0
0,0,28,171069.39,2,1,1,0
2,0,45,116917.07,1,0,0,1
0,1,30,0.0,2,1,1,0
0,0,32,148884.47,2,1,1,0
2,1,36,91286.51,1,1,0,0
1,1,34,117451.47,1,1,0,0
2,1,37,104414.03,1,1,0,0
1,1,40,0.0,2,1,1,0
1,1,46,89364.91,1,0,1,0
1,1,29,129938.07,1,0,1,0
2,0,75,61319.63,1,0,1,0
2,0,43,96353.8,1,0,0,0
2,0,44,95368.14,2,1,1,0
0,1,26,129109.02,1,0,0,1
1,1,31,0.0,2,0,1,0
0,1,48,179380.74,2,0,1,0
2,1,40,129248.11,2,1,0,1
0,1,44,0.0,2,0,1,0
1,0,24,108058.07,2,1,1,0
2,1,38,101648.5,2,1,0,0
0,1,38,110615.47,1,1,1,0
0,1,31,136067.82,2,1,0,0
1,0,34,151839.26,1,1,0,1
0,1,38,0.0,2,1,1,0
1,1,35,106405.03,1,1,1,0
1,0,40,88466.82,1,0,0,0
2,0,33,164284.72,2,1,1,0
0,0,36,139753.35,1,1,0,0
2,0,45,120591.19,1,0,0,0
1,0,67,0.0,2,0,1,0
2,1,43,94752.49,1,1,0,1
1,0,40,0.0,2,1,1,0
0,0,28,128206.79,1,1,1,0
0,0,31,145056.59,1,1,1,0
0,1,22,0.0,2,1,1,0
1,1,29,77919.78,1,1,0,0
2,1,37,159863.9,2,0,1,0
0,0,44,112610.77,1,0,1,0
2,1,28,152264.81,1,0,0,0
2,0,26,90402.77,1,1,1,0
1,0,29,0.0,2,1,0,0
0,0,43,133237.21,1,1,0,1
0,0,64,145578.28,1,0,1,0
2,1,40,148897.02,1,0,0,0
1,1,32,0.0,1,0,0,0
2,0,45,152880.97,1,0,0,0
2,1,35,127543.11,2,1,0,1
0,1,49,0.0,1,1,0,1
2,0,48,123593.22,2,1,0,1
0,0,47,105792.49,1,0,1,1
1,1,24,97378.54,1,1,1,0
0,0,37,141546.35,1,1,1,0
0,1,48,170833.46,1,1,0,1
2,0,33,75242.28,1,0,1,0
2,1,38,120623.21,1,1,0,0
0,0,36,107379.68,1,1,1,0
1,1,39,122486.11,2,1,1,0
0,0,36,0.0,2,1,1,0
0,0,37,106967.18,1,0,0,0
0,0,29,0.0,1,1,0,0
2,1,52,167194.36,1,1,1,1
1,0,34,101506.66,1,0,0,0
1,0,31,125175.58,1,1,1,0
1,0,49,116622.73,1,0,1,0
2,1,33,130367.87,1,1,0,1
2,0,39,50880.98,2,1,1,0
2,0,31,137260.45,2,1,0,0
2,0,29,111681.98,2,1,1,0
0,0,42,0.0,2,1,1,0
0,1,33,118004.26,1,1,0,0
0,1,71,0.0,2,1,1,0
2,0,28,103033.83,1,1,1,0
1,1,48,118207.69,2,0,0,1
0,0,37,0.0,1,1,0,0
2,1,23,163549.63,1,0,1,0
0,1,38,123544.21,1,1,1,0
0,1,37,0.0,2,1,0,0
2,1,31,51293.47,1,0,0,0
0,0,56,0.0,2,1,1,0
2,1,56,143249.67,1,1,0,1
0,0,40,0.0,2,1,0,0
0,1,19,0.0,2,0,1,0
2,0,28,125155.83,2,1,1,0
0,0,47,83347.25,1,1,1,0
0,0,37,0.0,2,0,0,0
0,0,31,136658.61,1,1,1,0
2,1,33,144753.21,1,1,1,0
2,1,41,81733.74,2,0,0,0
2,0,58,137318.42,1,1,1,0
0,0,40,84315.02,1,0,0,0
0,1,63,0.0,2,1,1,0
0,1,41,0.0,2,0,0,0
0,1,48,0.0,1,1,0,1
0,0,38,0.0,2,0,0,0
0,0,44,0.0,2,1,1,0
2,0,43,103018.45,1,1,0,1
0,0,44,108724.98,1,0,1,0
1,1,36,0.0,1,1,0,0
1,0,38,0.0,2,0,0,1
0,0,65,38340.02,1,1,0,1
1,1,39,0.0,2,1,0,0
0,0,40,118129.87,1,1,1,0
0,1,28,0.0,1,0,1,0
2,0,32,123938.6,2,1,0,0
1,1,30,0.0,2,0,1,0
0,0,38,0.0,2,0,1,0
0,1,36,114997.42,1,1,0,0
0,0,43,157960.49,2,0,0,0
1,0,37,0.0,1,1,1,1
2,0,43,108589.47,2,0,1,0
2,0,41,62078.21,2,1,0,0
2,1,56,127585.98,3,1,1,1
0,1,29,0.0,2,1,0,0
0,0,35,57369.61,1,1,1,0
0,1,42,0.0,2,0,0,1
0,1,39,0.0,2,0,0,0
1,0,41,144974.55,1,1,1,0
1,1,48,155413.06,1,1,0,0
0,0,55,87485.67,1,1,1,0
2,0,35,122917.69,1,1,1,0
0,0,33,0.0,2,1,0,0
0,1,38,135919.33,1,1,0,0
0,1,35,0.0,2,1,0,0
0,0,60,0.0,3,1,1,1
1,0,27,0.0,3,0,0,1
0,0,31,67996.23,2,0,0,1
1,0,41,0.0,2,0,1,0
0,0,39,0.0,1,1,0,0
0,1,28,0.0,2,1,1,0
1,0,39,104349.45,1,0,0,0
2,1,58,119024.75,2,1,0,1
0,0,29,131959.86,1,0,0,0
0,0,40,0.0,2,0,1,0
2,0,33,158456.76,1,1,1,1
1,0,41,0.0,2,1,0,0
2,0,37,140950.92,2,1,0,0
2,1,40,150679.71,2,0,1,0
1,0,33,160777.9,1,1,1,0
2,1,41,92618.62,1,1,1,0
2,0,35,71553.83,1,1,0,0
0,0,23,156267.59,1,1,0,0
1,0,47,0.0,2,0,1,0
0,1,49,0.0,3,0,1,1
2,1,39,135134.99,1,1,0,1
1,0,40,153639.11,1,1,1,0
1,1,48,101198.01,1,1,1,0
1,0,36,54098.18,2,0,1,0
1,0,54,105770.14,1,0,1,1
0,0,38,88293.13,2,1,1,0
0,0,51,81710.46,1,1,1,0
1,1,35,0.0,1,1,0,1
1,1,25,0.0,2,1,1,0
2,0,42,177640.09,1,0,1,0
0,1,60,162039.78,1,1,1,1
0,0,34,0.0,1,0,0,0
0,1,47,0.0,1,0,0,1
0,1,19,97445.49,2,1,0,0
1,0,35,0.0,2,1,1,0
2,0,48,163630.76,1,0,1,1
0,1,28,85146.36,1,0,0,0
0,0,24,0.0,2,0,0,0
0,1,32,84378.9,1,1,1,0
0,0,25,0.0,1,0,1,0
2,1,37,124053.03,1,1,0,0
1,1,40,0.0,1,1,0,0
1,1,39,142876.98,2,1,0,0
0,1,30,158584.82,3,1,0,1
2,1,36,127675.39,2,1,0,0
0,0,36,97786.08,2,0,1,0
0,0,43,121911.59,1,1,0,0
0,1,45,0.0,1,1,1,0
2,1,57,112044.72,1,1,1,1
1,1,57,0.0,2,1,1,0
0,0,34,0.0,2,0,0,0
0,0,39,0.0,2,1,0,0
1,0,46,0.0,2,1,1,0
0,1,27,0.0,1,1,0,0
0,1,45,0.0,2,1,1,0
2,1,52,131441.51,1,1,0,1
0,0,29,0.0,2,1,1,0
2,1,48,156848.13,2,1,1,1
0,1,36,156021.31,1,0,0,0
0,0,32,0.0,2,1,0,0
0,1,66,0.0,2,1,1,0
1,0,61,91070.43,1,1,1,0
0,0,35,0.0,1,1,0,0
0,1,36,68348.18,2,0,1,0
0,0,29,0.0,2,1,0,0
0,0,38,140278.99,3,1,1,1
0,0,52,170008.84,1,0,0,1
1,0,52,123925.23,1,0,0,1
1,0,28,134766.85,1,1,0,0
1,0,47,89047.14,1,1,0,0
1,0,46,0.0,2,1,1,0
2,0,28,118402.25,2,1,0,0
1,0,38,0.0,1,0,1,0
0,0,33,0.0,2,1,0,0
0,1,71,104308.77,1,1,1,0
1,0,47,139887.01,1,1,1,0
0,0,34,141173.03,1,0,1,0
0,0,27,87637.26,2,0,0,0
0,0,28,160376.61,1,0,0,0
1,0,43,97473.87,2,1,1,0
0,1,49,0.0,1,0,0,1
0,0,41,144147.68,1,1,1,0
1,0,23,104744.89,1,1,0,0
0,0,29,121823.4,2,1,1,0
1,0,41,150148.51,1,0,0,0
1,1,25,0.0,2,1,0,0
0,0,27,0.0,2,1,1,0
0,0,44,158697.61,1,1,0,0
1,1,40,54428.37,1,1,0,1
1,0,67,0.0,2,1,1,0
0,1,30,127023.39,1,1,1,0
0,0,36,70181.48,2,1,0,0
0,0,28,0.0,2,0,0,0
0,0,28,110976.23,2,1,0,0
0,1,24,0.0,2,1,1,0
0,1,35,0.0,2,1,0,0
1,0,36,157267.95,2,1,0,0
2,0,34,142393.11,1,1,1,0
2,0,30,127406.5,1,1,0,0
